{
  "CRPS": 0.018867132379245786,
  "ND": 0.022676153622255373,
  "NRMSE": 0.03606300881369055,
  "MSE": 0.0008602809100822621,
  "CRPS-Sum": 0.01949274122683108,
  "ND-Sum": 0.022277999965322946,
  "NRMSE-Sum": 0.027801167345584462,
  "MSE-Sum": 0.03272068629662196
}