{
  "CRPS": 0.605929539650337,
  "ND": 0.7341040238288248,
  "NRMSE": 1.4946572065351502,
  "MSE": 2119.146534475884,
  "CRPS-Sum": 0.6245171562692373,
  "ND-Sum": 0.678505025036394,
  "NRMSE-Sum": 1.269579290777287,
  "MSE-Sum": 28697139.07142857
}