{
  "CRPS": 0.090180341637559,
  "ND": 0.1190794070488617,
  "NRMSE": 1.151742059606595,
  "MSE": 759763.0222254976,
  "CRPS-Sum": 0.06575918203650477,
  "ND-Sum": 0.0876517111855617,
  "NRMSE-Sum": 0.11590355455576118,
  "MSE-Sum": 1053330526.4761903
}