{
  "CRPS": 0.02162549690610942,
  "ND": 0.025827416214381064,
  "NRMSE": 0.04176636990713178,
  "MSE": 0.0011539044040205226,
  "CRPS-Sum": 0.019119521212933005,
  "ND-Sum": 0.02221839584906608,
  "NRMSE-Sum": 0.030159450804573138,
  "MSE-Sum": 0.038507311493158336
}