{
  "CRPS": 0.5745749044073095,
  "ND": 0.6923877170558039,
  "NRMSE": 1.0731777717169162,
  "MSE": 1092.4991931219172,
  "CRPS-Sum": 0.5490820154944975,
  "ND-Sum": 0.6036001684252327,
  "NRMSE-Sum": 0.8489010499660425,
  "MSE-Sum": 12830189.904761905
}