{
  "CRPS": 0.07540066011093323,
  "ND": 0.09498659470855521,
  "NRMSE": 0.8357871935250035,
  "MSE": 400091.3146061597,
  "CRPS-Sum": 0.03983746167555926,
  "ND-Sum": 0.0535649674402032,
  "NRMSE-Sum": 0.07178360209068024,
  "MSE-Sum": 404037481.14285713
}